<?xml version="1.0"?>
<doc>
    <assembly>
        <name>Microsoft.Extensions.DependencyModel</name>
    </assembly>
    <members>
        <member name="P:Microsoft.Extensions.DependencyModel.RuntimeAssetGroup.Runtime">
            <summary>
            The runtime ID associated with this group (may be empty if the group is runtime-agnostic)
            </summary>
        </member>
        <member name="P:Microsoft.Extensions.DependencyModel.RuntimeAssetGroup.AssetPaths">
            <summary>
            Gets a list of asset paths provided in this runtime group
            </summary>
        </member>
        <member name="P:Microsoft.Extensions.DependencyModel.RuntimeAssetGroup.RuntimeFiles">
            <summary>
            Gets a list of RuntimeFiles provided in this runtime group
            </summary>
        </member>
        <member name="M:Microsoft.Extensions.DependencyModel.RuntimeLibrary.#ctor(System.String,System.String,System.String,System.String,System.Collections.Generic.IReadOnlyList{Microsoft.Extensions.DependencyModel.RuntimeAssetGroup},System.Collections.Generic.IReadOnlyList{Microsoft.Extensions.DependencyModel.RuntimeAssetGroup},System.Collections.Generic.IEnumerable{Microsoft.Extensions.DependencyModel.ResourceAssembly},System.Collections.Generic.IEnumerable{Microsoft.Extensions.DependencyModel.Dependency},System.Boolean,System.String,System.String,System.String)">
            <summary>
            Initializes a new <see cref="T:Microsoft.Extensions.DependencyModel.RuntimeLibrary"/>.
            </summary>
            <param name="type">The library's type.</param>
            <param name="name">The library's name.</param>
            <param name="version">The library's version.</param>
            <param name="hash">The library package's hash.</param>
            <param name="runtimeAssemblyGroups">The library's runtime assemblies.</param>
            <param name="nativeLibraryGroups">The library's native libraries.</param>
            <param name="resourceAssemblies">The library's resource assemblies.</param>
            <param name="dependencies">The library's dependencies.</param>
            <param name="serviceable">Whether the library is serviceable.</param>
            <param name="path">The library package's path.</param>
            <param name="hashPath">The library package's hash path.</param>
            <param name="runtimeStoreManifestName">The library's runtime store manifest name.</param>
            <exception cref="T:System.ArgumentNullException">
            The <paramref name="type"/> argument is null.
            The <paramref name="name"/> argument is null.
            The <paramref name="version"/> argument is null.
            The <paramref name="runtimeAssemblyGroups"/> argument is null.
            The <paramref name="nativeLibraryGroups"/> argument is null.
            The <paramref name="resourceAssemblies"/> argument is null.
            The <paramref name="dependencies"/> argument is null.
            </exception>
        </member>
        <member name="M:System.ThrowHelper.ThrowIfNull(System.Object,System.String)">
            <summary>Throws an <see cref="T:System.ArgumentNullException"/> if <paramref name="argument"/> is null.</summary>
            <param name="argument">The reference type argument to validate as non-null.</param>
            <param name="paramName">The name of the parameter with which <paramref name="argument"/> corresponds.</param>
        </member>
        <member name="P:System.SR.LibraryInformationNotFound">
            <summary>Cannot find library information for {0}</summary>
        </member>
        <member name="P:System.SR.LibraryLocationNotFound">
            <summary>Cannot find compilation library location for package '{0}'</summary>
        </member>
        <member name="P:System.SR.NoRuntimeTarget">
            <summary>No runtime target found</summary>
        </member>
        <member name="P:System.SR.NoTargetsSection">
            <summary>Dependency file does not have 'targets' section</summary>
        </member>
        <member name="P:System.SR.ReferenceAssemblyNotFound">
            <summary>Cannot find reference assembly '{0}' file for package {1}</summary>
        </member>
        <member name="P:System.SR.TargetNotFound">
            <summary>Target with name {0} not found</summary>
        </member>
        <member name="P:System.SR.DuplicateItem">
            <summary>An item with the same key has already been added. Key: {0}</summary>
        </member>
        <member name="P:System.SR.RequiredFieldNotSpecified">
            <summary>The required field '{0}' was not specified.</summary>
        </member>
    </members>
</doc>
