<?xml version="1.0"?>
<doc>
    <assembly>
        <name>Silk.NET.OpenGLES</name>
    </assembly>
    <members>
        <member name="M:Silk.NET.OpenGLES.GL.ClearColor(System.Drawing.Color)">
            <summary>
                Invokes a call to <c>glClearColor()</c>, setting the clear color of the OpenGL context.
            </summary>
            <param name="color">
                New clear color for the OpenGL context.
            </param>
        </member>
        <member name="M:Silk.NET.OpenGLES.GL.ClearColor``1(Silk.NET.Maths.Vector4D{``0})">
            <summary>
                Invokes a call to <c>glClearColor()</c>, setting the clear color of the OpenGL context.
            </summary>
            <param name="color">
                New clear color for the OpenGL context.
            </param>
        </member>
        <member name="M:Silk.NET.OpenGLES.GL.BlendColor(System.Drawing.Color)">
            <summary>
                Invokes a call to <c>glBlendColor()</c>, setting the blend color of the OpenGL context.
            </summary>
            <param name="color">
                New blend color for the OpenGL context.
            </param>
        </member>
        <member name="M:Silk.NET.OpenGLES.GL.BlendColor``1(Silk.NET.Maths.Vector4D{``0})">
            <summary>
                Invokes a call to <c>glBlendColor()</c>, setting the blend color of the OpenGL context.
            </summary>
            <param name="color">
                New blend color for the OpenGL context.
            </param>
        </member>
        <member name="M:Silk.NET.OpenGLES.GL.Viewport(System.Drawing.Size)">
            <summary>
                Set the viewport for the OpenGL context.
            </summary>
            <param name="size">
                Specifies the width and height of the viewport.
            </param>
            <remarks>
             <para>
                The location of the viewport will default to 0,0.
             </para>
             <para>
                When an OpenGL context is first attached to a window, width and height are set to the dimensions of
                that window.
             </para>
             <para>
                <see href="https://www.khronos.org/registry/OpenGL-Refpages/gl4/html/glViewport.xhtml">
                  OpenGL Documentation
                </see>
             </para>
            </remarks>
        </member>
        <member name="M:Silk.NET.OpenGLES.GL.Viewport(Silk.NET.Maths.Vector2D{System.Int32})">
            <summary>
                Set the viewport for the OpenGL context.
            </summary>
            <param name="size">
                Specifies the width and height of the viewport.
            </param>
            <remarks>
             <para>
                The location of the viewport will default to 0,0.
             </para>
             <para>
                When an OpenGL context is first attached to a window, width and height are set to the dimensions of
                that window.
             </para>
             <para>
                <see href="https://www.khronos.org/registry/OpenGL-Refpages/gl4/html/glViewport.xhtml">
                  OpenGL Documentation
                </see>
             </para>
            </remarks>
        </member>
        <member name="M:Silk.NET.OpenGLES.GL.Viewport(System.Drawing.Point,System.Drawing.Size)">
            <summary>
                 Set the viewport for the OpenGL context.
            </summary>
            <param name="location">
                 Specifies the lower left corner of the viewport rectangle, in pixels.
            </param>
            <param name="size">
            Specifies the width and height of the viewport.
            </param>
            <remarks>
             <para>
                When an OpenGL context is first attached to a window, width and height are set to the dimensions of
                that window.
             </para>
             <para>
                <see href="https://www.khronos.org/registry/OpenGL-Refpages/gl4/html/glViewport.xhtml">
                  OpenGL Documentation
                </see>
             </para>
            </remarks>
        </member>
        <member name="M:Silk.NET.OpenGLES.GL.Viewport(Silk.NET.Maths.Vector2D{System.Int32},Silk.NET.Maths.Vector2D{System.Int32})">
            <summary>
                 Set the viewport for the OpenGL context.
            </summary>
            <param name="location">
                 Specifies the lower left corner of the viewport rectangle, in pixels.
            </param>
            <param name="size">
            Specifies the width and height of the viewport.
            </param>
            <remarks>
             <para>
                When an OpenGL context is first attached to a window, width and height are set to the dimensions of
                that window.
             </para>
             <para>
                <see href="https://www.khronos.org/registry/OpenGL-Refpages/gl4/html/glViewport.xhtml">
                  OpenGL Documentation
                </see>
             </para>
            </remarks>
        </member>
        <member name="M:Silk.NET.OpenGLES.GL.Viewport(System.Drawing.Rectangle)">
            <summary>
                Set the viewport for the OpenGL context.
            </summary>
            <param name="rectangle">
                Specifies the viewport rectangle explicitly.
            </param>
            <remarks>
             <para>
                When an OpenGL context is first attached to a window, width and height are set to the dimensions of
                that window.
             </para>
             <para>
                <see href="https://www.khronos.org/registry/OpenGL-Refpages/gl4/html/glViewport.xhtml">
                  OpenGL Documentation
                </see>
             </para>
            </remarks>
        </member>
        <member name="M:Silk.NET.OpenGLES.GL.Viewport(Silk.NET.Maths.Rectangle{System.Int32})">
            <summary>
                Set the viewport for the OpenGL context.
            </summary>
            <param name="rectangle">
                Specifies the viewport rectangle explicitly.
            </param>
            <remarks>
             <para>
                When an OpenGL context is first attached to a window, width and height are set to the dimensions of
                that window.
             </para>
             <para>
                <see href="https://www.khronos.org/registry/OpenGL-Refpages/gl4/html/glViewport.xhtml">
                  OpenGL Documentation
                </see>
             </para>
            </remarks>
        </member>
        <member name="T:Silk.NET.OpenGLES.OpenGLESLibraryNameContainer">
            <summary>
            Contains the library name of OpenGLES.
            </summary>
        </member>
        <member name="P:Silk.NET.OpenGLES.OpenGLESLibraryNameContainer.Linux">
            <inheritdoc />
        </member>
        <member name="P:Silk.NET.OpenGLES.OpenGLESLibraryNameContainer.MacOS">
            <inheritdoc />
        </member>
        <member name="P:Silk.NET.OpenGLES.OpenGLESLibraryNameContainer.Android">
            <inheritdoc />
        </member>
        <member name="P:Silk.NET.OpenGLES.OpenGLESLibraryNameContainer.IOS">
            <inheritdoc />
        </member>
        <member name="P:Silk.NET.OpenGLES.OpenGLESLibraryNameContainer.Windows64">
            <inheritdoc />
        </member>
        <member name="P:Silk.NET.OpenGLES.OpenGLESLibraryNameContainer.Windows86">
            <inheritdoc />
        </member>
    </members>
</doc>
